,Status of existing checking account,Duration,Credit history,Purpose,Credit amount,Savings account/bonds,Present employment since,Installment rate in percentage of disposable income,Personal status and sex,Other debtors / guarantors,Present residence since,Property,Age,Other installment plans,Housing,Number of existing credits at this bank,Job,Number of people being liable to provide maintenance for,Telephone,foreign worker
104,A14,12,A32,A41,2445,A65,A72,2,A94,A101,4,A123,26,A143,A151,1,A173,1,A192,A201
820,A14,12,A32,A40,1101,A61,A73,3,A94,A101,2,A121,27,A143,A152,2,A173,1,A192,A201
532,A14,12,A33,A41,1503,A61,A73,4,A94,A101,4,A121,41,A143,A151,1,A173,1,A191,A201
482,A11,30,A32,A42,3622,A64,A75,4,A92,A101,4,A122,57,A143,A151,2,A173,1,A192,A201
851,A14,24,A34,A41,4042,A65,A74,3,A93,A101,4,A122,43,A143,A152,2,A173,1,A192,A201
885,A11,12,A32,A46,795,A61,A72,4,A92,A101,4,A122,53,A143,A152,1,A173,1,A191,A201
22,A11,10,A34,A40,2241,A61,A72,1,A93,A101,3,A121,48,A143,A151,2,A172,2,A191,A202
692,A12,24,A32,A43,2896,A62,A72,2,A93,A101,1,A123,29,A143,A152,1,A173,1,A191,A201
89,A11,12,A30,A45,1108,A61,A74,4,A93,A101,3,A121,28,A143,A152,2,A173,1,A191,A201
732,A12,8,A32,A43,760,A61,A74,4,A92,A103,2,A121,44,A143,A152,1,A172,1,A191,A201
339,A12,10,A32,A42,1521,A61,A73,4,A91,A101,2,A123,31,A143,A152,1,A172,1,A191,A201
625,A14,15,A32,A43,1979,A65,A75,4,A93,A101,2,A123,35,A143,A152,1,A173,1,A191,A201
877,A14,36,A32,A43,3595,A61,A75,4,A93,A101,2,A123,28,A143,A152,1,A173,1,A191,A201
737,A11,18,A32,A40,4380,A62,A73,3,A93,A101,4,A123,35,A143,A152,1,A172,2,A192,A201
404,A12,18,A33,A40,2899,A65,A75,4,A93,A101,4,A123,43,A143,A152,1,A173,2,A191,A201
51,A12,27,A33,A41,5965,A61,A75,1,A93,A101,2,A123,30,A143,A152,2,A174,1,A192,A201
173,A12,8,A32,A43,1414,A61,A73,4,A93,A103,2,A121,33,A143,A152,1,A173,1,A191,A202
634,A12,24,A32,A40,1355,A61,A72,3,A92,A101,4,A123,25,A143,A152,1,A172,1,A192,A201
190,A14,24,A32,A49,4591,A64,A73,2,A93,A101,3,A122,54,A143,A152,3,A174,1,A192,A201
390,A14,18,A32,A40,1820,A61,A73,2,A94,A101,2,A122,30,A143,A152,1,A174,1,A192,A201
887,A12,48,A32,A49,15672,A61,A73,2,A93,A101,2,A123,23,A143,A152,1,A173,1,A192,A201
691,A12,15,A32,A45,2631,A62,A73,3,A92,A101,2,A121,25,A143,A152,1,A172,1,A191,A201
223,A14,24,A33,A49,2978,A65,A73,4,A93,A101,4,A121,32,A143,A152,2,A173,2,A192,A201
761,A11,18,A34,A42,2124,A61,A73,4,A92,A101,4,A121,24,A143,A151,2,A173,1,A191,A201
334,A11,24,A30,A42,4110,A61,A75,3,A93,A101,4,A124,23,A141,A151,2,A173,2,A191,A201
618,A12,30,A32,A42,3441,A62,A73,2,A92,A102,4,A123,21,A143,A151,1,A173,1,A191,A201
858,A11,15,A32,A40,3959,A61,A73,3,A92,A101,2,A122,29,A143,A152,1,A173,1,A192,A201
892,A11,12,A34,A40,2171,A61,A73,4,A93,A101,4,A122,38,A141,A152,2,A172,1,A191,A202
613,A11,24,A31,A41,3632,A61,A73,1,A92,A103,4,A123,22,A141,A151,1,A173,1,A191,A202
220,A12,12,A32,A43,625,A61,A72,4,A94,A103,1,A121,26,A141,A152,1,A172,1,A191,A201
100,A14,24,A32,A40,1469,A62,A75,4,A94,A101,4,A121,41,A143,A151,1,A172,1,A191,A201
268,A11,14,A32,A40,8978,A61,A75,1,A91,A101,4,A122,45,A143,A152,1,A174,1,A192,A202
721,A12,6,A31,A46,433,A64,A72,4,A92,A101,2,A122,24,A141,A151,1,A173,2,A191,A201
549,A14,48,A34,A41,8858,A65,A74,2,A93,A101,1,A124,35,A143,A153,2,A173,1,A192,A201
125,A11,12,A34,A40,2121,A61,A73,4,A93,A101,2,A122,30,A143,A152,2,A173,1,A191,A201
912,A12,30,A32,A43,2991,A65,A75,2,A92,A101,4,A123,25,A143,A152,1,A173,1,A191,A201
632,A12,15,A32,A43,1444,A65,A72,4,A93,A101,1,A122,23,A143,A152,1,A173,1,A191,A201
15,A11,24,A32,A43,1282,A62,A73,4,A92,A101,2,A123,32,A143,A152,1,A172,1,A191,A201
417,A11,18,A33,A46,8471,A65,A73,1,A92,A101,2,A123,23,A143,A151,2,A173,1,A192,A201
530,A12,36,A32,A46,2273,A61,A74,3,A93,A101,1,A123,32,A143,A152,2,A173,2,A191,A201
647,A14,12,A32,A40,1386,A63,A73,2,A92,A101,2,A122,26,A143,A152,1,A173,1,A191,A201
355,A12,24,A32,A40,1246,A61,A72,4,A93,A101,2,A121,23,A142,A152,1,A172,1,A191,A201
135,A14,12,A34,A43,1240,A65,A75,4,A92,A101,2,A121,38,A143,A152,2,A173,1,A192,A201
564,A12,24,A33,A49,4712,A65,A73,4,A93,A101,2,A122,37,A141,A152,2,A174,1,A192,A201
813,A11,48,A32,A44,3051,A61,A73,3,A93,A101,4,A123,54,A143,A152,1,A173,1,A191,A201
344,A13,10,A32,A40,3949,A61,A72,1,A93,A103,1,A122,37,A143,A152,1,A172,2,A191,A201
56,A12,12,A32,A43,6468,A65,A71,2,A93,A101,1,A124,52,A143,A152,1,A174,1,A192,A201
391,A12,12,A32,A42,983,A64,A72,1,A92,A101,4,A121,19,A143,A151,1,A172,1,A191,A201
597,A12,24,A30,A49,4241,A61,A73,1,A93,A101,4,A121,36,A143,A152,3,A172,1,A192,A201
685,A14,60,A32,A40,6527,A65,A73,4,A93,A101,4,A124,34,A143,A153,1,A173,2,A192,A201
374,A12,60,A31,A410,14782,A62,A75,3,A92,A101,4,A124,60,A141,A153,2,A174,1,A192,A201
619,A14,12,A32,A40,640,A61,A73,4,A91,A101,2,A121,49,A143,A152,1,A172,1,A191,A201
891,A14,15,A34,A43,1829,A61,A75,4,A93,A101,4,A123,46,A143,A152,2,A173,1,A192,A201
476,A14,39,A32,A41,2569,A63,A73,4,A93,A101,4,A123,24,A143,A152,1,A173,1,A191,A201
708,A12,9,A32,A43,1206,A61,A75,4,A92,A101,4,A121,25,A143,A152,1,A173,1,A191,A201
132,A14,15,A32,A42,2708,A61,A72,2,A93,A101,3,A122,27,A141,A152,2,A172,1,A191,A201
161,A14,18,A34,A40,1055,A61,A72,4,A92,A101,1,A122,30,A143,A152,2,A173,1,A191,A201
762,A11,12,A32,A43,2214,A61,A73,4,A93,A101,3,A122,24,A143,A152,1,A172,1,A191,A201
208,A11,24,A32,A49,6568,A61,A73,2,A94,A101,2,A123,21,A142,A152,1,A172,1,A191,A201
302,A13,24,A34,A40,1344,A65,A74,4,A93,A101,2,A121,37,A141,A152,2,A172,2,A191,A201
640,A11,18,A32,A46,750,A61,A71,4,A92,A101,1,A121,27,A143,A152,1,A171,1,A191,A201
475,A11,18,A30,A42,3114,A61,A72,1,A92,A101,4,A122,26,A143,A151,1,A173,1,A191,A201
878,A11,9,A32,A40,1422,A61,A72,3,A93,A101,2,A124,27,A143,A153,1,A174,1,A192,A201
107,A12,12,A32,A40,6078,A61,A74,2,A93,A101,2,A123,32,A143,A152,1,A173,1,A191,A201
733,A14,24,A32,A41,2603,A64,A73,2,A92,A101,4,A123,28,A143,A151,1,A173,1,A192,A201
454,A11,24,A32,A40,4817,A61,A74,2,A93,A102,3,A122,31,A143,A152,1,A173,1,A192,A201
259,A14,11,A34,A43,1154,A62,A71,4,A92,A101,4,A121,57,A143,A152,3,A172,1,A191,A201
781,A14,24,A34,A40,1940,A64,A75,4,A93,A101,4,A121,60,A143,A152,1,A173,1,A192,A201
238,A14,12,A34,A43,1291,A61,A73,4,A92,A101,2,A122,35,A143,A152,2,A173,1,A191,A201
427,A14,18,A34,A43,1149,A64,A73,4,A93,A101,3,A121,46,A143,A152,2,A173,1,A191,A201
671,A14,36,A32,A49,5742,A62,A74,2,A93,A101,2,A123,31,A143,A152,2,A173,1,A192,A201
451,A14,6,A32,A43,518,A61,A73,3,A92,A101,1,A121,29,A143,A152,1,A173,1,A191,A201
661,A11,12,A32,A40,900,A65,A73,4,A94,A101,2,A123,23,A143,A152,1,A173,1,A191,A201
499,A13,6,A34,A40,1323,A62,A75,2,A91,A101,4,A123,28,A143,A152,2,A173,2,A192,A201
689,A11,12,A32,A40,3651,A64,A73,1,A93,A101,3,A122,31,A143,A152,1,A173,2,A191,A201
441,A11,12,A32,A42,1620,A61,A73,2,A92,A102,3,A122,30,A143,A152,1,A173,1,A191,A201
542,A11,30,A32,A42,6350,A65,A75,4,A93,A101,4,A122,31,A143,A152,1,A173,1,A191,A201
92,A14,12,A34,A43,797,A65,A75,4,A92,A101,3,A122,33,A141,A152,1,A172,2,A191,A201
137,A12,12,A32,A43,766,A63,A73,4,A93,A101,3,A121,66,A143,A152,1,A172,1,A191,A201
681,A14,12,A32,A43,2279,A65,A73,4,A93,A101,4,A124,37,A143,A153,1,A173,1,A192,A201
907,A12,36,A32,A46,3711,A65,A73,2,A94,A101,2,A123,27,A143,A152,1,A173,1,A191,A201
224,A14,15,A32,A41,4657,A61,A73,3,A93,A101,2,A123,30,A143,A152,1,A173,1,A192,A201
664,A13,6,A34,A46,1047,A61,A73,2,A92,A101,4,A122,50,A143,A152,1,A172,1,A191,A201
967,A14,15,A32,A43,3568,A61,A75,4,A92,A101,2,A123,54,A141,A151,1,A174,1,A192,A201
533,A14,24,A32,A43,1311,A62,A74,4,A94,A101,3,A122,26,A143,A152,1,A173,1,A192,A201
343,A12,18,A32,A49,4439,A61,A75,1,A93,A102,1,A121,33,A141,A152,1,A174,1,A192,A201
6,A14,24,A32,A42,2835,A63,A75,3,A93,A101,4,A122,53,A143,A152,1,A173,1,A191,A201
327,A14,24,A32,A40,1525,A64,A74,4,A92,A101,3,A123,34,A143,A152,1,A173,2,A192,A201
656,A12,12,A32,A40,888,A61,A75,4,A93,A101,4,A123,41,A141,A152,1,A172,2,A191,A201
985,A11,15,A34,A42,1433,A61,A73,4,A92,A101,3,A122,25,A143,A151,2,A173,1,A191,A201
218,A11,24,A32,A42,3021,A61,A73,2,A91,A101,2,A121,24,A143,A151,1,A172,1,A191,A201
66,A14,12,A32,A43,2171,A61,A72,2,A92,A101,2,A123,29,A141,A152,1,A173,1,A191,A201
951,A11,36,A33,A49,2145,A61,A74,2,A93,A101,1,A123,24,A143,A152,2,A173,1,A192,A201
379,A14,6,A34,A40,362,A62,A73,4,A92,A101,4,A123,52,A143,A152,2,A172,1,A191,A201
970,A12,15,A32,A45,1514,A62,A73,4,A93,A103,2,A121,22,A143,A152,1,A173,1,A191,A201
855,A14,24,A32,A40,1474,A62,A72,4,A94,A101,3,A121,33,A143,A152,1,A173,1,A192,A201
831,A11,18,A32,A40,1216,A61,A72,4,A92,A101,3,A123,23,A143,A151,1,A173,1,A192,A201
626,A13,6,A32,A42,2116,A61,A73,2,A93,A101,2,A121,41,A143,A152,1,A173,1,A192,A201
460,A11,36,A32,A42,3620,A61,A73,1,A93,A103,2,A122,37,A143,A152,1,A173,2,A191,A201
561,A11,24,A31,A43,1546,A61,A74,4,A93,A103,4,A123,24,A141,A151,1,A172,1,A191,A201
